Empty,Depth,Avg_Time
120,1,2.390235507239898e-05
120,2,5.930662155151367e-06
120,120,4.819400298098723e-06
60,1,4.610978066921234e-06
60,2,4.305620677769184e-06
60,120,4.208685519794623e-06
